[
  { "variable": "flow aortic root",
    "name_for_plotting": "v_{AR}",
    "data_type": "constant",
    "operation": "mean",
    "operands":["aortic_root/v"],
    "unit": "m3_per_s",
    "weight": 1.0,
    "value": 1e-4,
    "std": 1e-5,
    "plot_type":"horizontal"
  },
  { "variable": "flow aortic root",
    "name_for_plotting": "v_{AR}",
    "data_type": "constant",
    "operation": "max",
    "operands":["aortic_root/v"],
    "unit": "m3_per_s",
    "weight": 1.0,
    "value": 5e-4,
    "std": 5e-5,
    "plot_type":"horizontal"
  },
  { "variable": "stroke volume",
    "name_for_plotting": "q_{lv}",
    "data_type": "constant",
    "operation": "max_minus_min",
    "operands":["heart/q_lv"],
    "unit": "m3",
    "weight": 2.0,
    "value": 1.04e-4,
    "std": 5e-5,
    "plot_type":"horizontal_from_min"
  },
  { "variable": "pressure aortic root",
    "name_for_plotting": "u_{AR}",
    "data_type": "constant",
    "operation": "mean",
    "operands":["aortic_root/u"],
    "unit": "J_per_m3",
    "weight": 0.0,
    "value": 12000,
    "std": 1200,
    "plot_type":"horizontal"
  },
  { "variable": "pressure aortic root",
    "name_for_plotting": "u_{AR}",
    "data_type": "constant",
    "operation": "max",
    "operands":["aortic_root/u"],
    "unit": "J_per_m3",
    "weight": 5.0,
    "value": 16000,
    "std": 1600,
    "plot_type":"horizontal"
  },
  { "variable": "pressure aortic root",
    "name_for_plotting": "u_{AR}",
    "data_type": "constant",
    "operation": "min",
    "operands":["aortic_root/u"],
    "unit": "J_per_m3",
    "weight": 5.0,
    "value": 10500,
    "std": 1050,
    "plot_type":"horizontal"
  },
  { "variable": "mitral valve flow",
    "name_for_plotting": "v_{miv}",
    "data_type": "constant",
    "operation": "E_A_ratio",
    "operands":["time", "heart/v_miv", "heart/T"],
    "unit": "m3_per_s",
    "weight": 2.0,
    "value": 1.25,
    "std": 0.125,
    "plot_type":"None"
  }
]
